origin,id,name,year_established,country,url,logo_image,create_dt,update_dt
CoinGecko,1,Binance,2017,Cayman Islands,https://www.binance.com/,https://coin-images.coingecko.com/markets/images/52/small/binance.jpg?1706864274,2025-03-18 15:14:20,2025-03-18 15:14:20
CoinGecko,2,Bitget,2018,Seychelles,https://www.bitget.com/,https://coin-images.coingecko.com/markets/images/540/small/2023-07-25_21.47.43.jpg?1706864507,2025-03-18 15:14:20,2025-03-18 15:14:20
CoinGecko,3,OKX,2017,Seychelles,https://www.okx.com,https://coin-images.coingecko.com/markets/images/96/small/WeChat_Image_20220117220452.png?1706864283,2025-03-18 15:14:20,2025-03-18 15:14:20
CoinGecko,4,Coinbase Exchange,2012,United States,https://www.coinbase.com/,https://coin-images.coingecko.com/markets/images/23/small/Coinbase_Coin_Primary.png?1706864258,2025-03-18 15:14:20,2025-03-18 15:14:20
CoinGecko,5,Bybit,2018,British Virgin Islands,https://www.bybit.com,https://coin-images.coingecko.com/markets/images/698/small/bybit_spot.png?1706864649,2025-03-18 15:14:20,2025-03-18 15:14:20
CoinGecko,6,Crypto.com Exchange,2019,Malta,https://crypto.com/exchange,https://coin-images.coingecko.com/markets/images/589/small/h2oMjPp6_400x400.jpg?1706864542,2025-03-18 15:14:20,2025-03-18 15:14:20
CoinGecko,7,Kraken,2011,United States,https://www.kraken.com/,https://coin-images.coingecko.com/markets/images/29/small/kraken.jpg?1706864265,2025-03-18 15:14:20,2025-03-18 15:14:20
CoinGecko,8,Binance US,2019,United States,https://www.binance.us/,https://coin-images.coingecko.com/markets/images/469/small/Binance.png?1706864454,2025-03-18 15:14:20,2025-03-18 15:14:20
CoinGecko,9,HashKey Global,2018,Bermuda,https://global.hashkey.com/,https://coin-images.coingecko.com/markets/images/1582/small/20240422-181043.jpg?1715067065,2025-03-18 15:14:20,2025-03-18 15:14:20
CoinGecko,10,Gate.io,2013,Panama,https://www.gate.io/,https://coin-images.coingecko.com/markets/images/60/small/gate_io_logo1.jpg?1706864280,2025-03-18 15:14:20,2025-03-18 15:14:20
CoinGecko,11,MEXC,2018,Seychelles,https://www.mexc.com/,https://coin-images.coingecko.com/markets/images/409/small/MEXC_logo_square.jpeg?1706864416,2025-03-18 15:14:20,2025-03-18 15:14:20
CoinGecko,12,HTX,2013,Seychelles,https://www.huobi.com,https://coin-images.coingecko.com/markets/images/25/small/htx.png?1721712842,2025-03-18 15:14:20,2025-03-18 15:14:20
CoinGecko,13,CoinW,2017,United Arab Emirates,https://www.coinw.com/,https://coin-images.coingecko.com/markets/images/1172/small/coinw_new_logo.png?1713879109,2025-03-18 15:14:20,2025-03-18 15:14:20
CoinGecko,14,WhiteBIT,2018,Lithuania,https://whitebit.com,https://coin-images.coingecko.com/markets/images/418/small/800_800.jpg?1706864419,2025-03-18 15:14:20,2025-03-18 15:14:20
CoinGecko,15,KuCoin,2017,Seychelles,https://www.kucoin.com/,https://coin-images.coingecko.com/markets/images/61/small/kucoin.png?1706864282,2025-03-18 15:14:20,2025-03-18 15:14:20
CoinGecko,16,BingX,2018,British Virgin Islands,https://bingx.com/,https://coin-images.coingecko.com/markets/images/812/small/YtFwQwJr_400x400.jpg?1706864837,2025-03-18 15:14:20,2025-03-18 15:14:20
CoinGecko,17,Bitfinex,2012,British Virgin Islands,https://www.bitfinex.com,https://coin-images.coingecko.com/markets/images/4/small/BItfinex.png?1706864245,2025-03-18 15:14:20,2025-03-18 15:14:20
CoinGecko,18,Gemini,2014,United States,https://www.gemini.com/,https://coin-images.coingecko.com/markets/images/50/small/gemini.png?1706864273,2025-03-18 15:14:20,2025-03-18 15:14:20
CoinGecko,19,Backpack Exchange ,2023,British Virgin Islands,https://backpack.exchange/,https://coin-images.coingecko.com/markets/images/1387/small/backpack.jpeg?1708663541,2025-03-18 15:14:20,2025-03-18 15:14:20
CoinGecko,20,Luno,2013,Singapore,https://www.luno.com,https://coin-images.coingecko.com/markets/images/33/small/RGB_LUNO_SYMBOL_NAVY_BLUE_1.png?1706864266,2025-03-18 15:14:20,2025-03-18 15:14:20
CoinGecko,21,WOO X,2019,Seychelles,https://woox.io/,https://coin-images.coingecko.com/markets/images/683/small/woo.png?1706864629,2025-03-18 15:14:20,2025-03-18 15:14:20
CoinGecko,22,CoinDCX,2018,Singapore,https://www.coindcx.com,https://coin-images.coingecko.com/markets/images/520/small/coindcx.png?1706864493,2025-03-18 15:14:20,2025-03-18 15:14:20
CoinGecko,23,Arkham,2024,Dominican Republic,https://arkm.com/,https://coin-images.coingecko.com/markets/images/11766/small/Arkham_Exchange_Logo_CG.png?1732767526,2025-03-18 15:14:20,2025-03-18 15:14:20
CoinGecko,24,LBank,2015,British Virgin Islands,https://www.lbank.com,https://coin-images.coingecko.com/markets/images/118/small/LBank_logo.png?1706864296,2025-03-18 15:14:20,2025-03-18 15:14:20
CoinGecko,25,WEEX,2018,Singapore,http://www.weex.com/,https://coin-images.coingecko.com/markets/images/1398/small/weex.png?1730946490,2025-03-18 15:14:20,2025-03-18 15:14:20
CoinGecko,26,DigiFinex,2018,Seychelles,https://www.digifinex.com/,https://coin-images.coingecko.com/markets/images/225/small/DF_logo.png?1706864334,2025-03-18 15:14:20,2025-03-18 15:14:20
CoinGecko,27,Upbit,2017,South Korea,https://upbit.com,https://coin-images.coingecko.com/markets/images/117/small/upbit.png?1706864294,2025-03-18 15:14:20,2025-03-18 15:14:20
CoinGecko,28,BitMart,2017,Cayman Islands,https://www.bitmart.com/en,https://coin-images.coingecko.com/markets/images/239/small/Bitmart.png?1706864341,2025-03-18 15:14:20,2025-03-18 15:14:20
CoinGecko,29,P2B,2018,Lithuania,https://p2pb2b.com/,https://coin-images.coingecko.com/markets/images/251/small/ow0xng56_400x400.jpeg?1706864347,2025-03-18 15:14:20,2025-03-18 15:14:20
CoinGecko,30,Toobit,2022,Cayman Islands,https://www.toobit.com/,https://coin-images.coingecko.com/markets/images/1139/small/Toobit_logo400X400.png?1706865157,2025-03-18 15:14:20,2025-03-18 15:14:20
CoinGecko,31,BVOX,2018,British Virgin Islands,https://www.bvox.com/,https://coin-images.coingecko.com/markets/images/1253/small/BVOX_new_logo%E5%A4%A7%E5%9C%86%E8%A7%92.png?1729029943,2025-03-18 15:14:20,2025-03-18 15:14:20
CoinGecko,32,Ourbit,2020,British Virgin Islands,https://www.ourbit.com/,https://coin-images.coingecko.com/markets/images/11731/small/IMG_2072.jpeg?1728612371,2025-03-18 15:14:20,2025-03-18 15:14:20
CoinGecko,33,Bitunix,2021,Saint Vincent and the Grenadines,https://www.bitunix.com/,https://coin-images.coingecko.com/markets/images/1185/small/APP_icon_1024.png?1706865197,2025-03-18 15:14:20,2025-03-18 15:14:20
CoinGecko,34,Coinstore,2020,Singapore,https://www.coinstore.com/#/,https://coin-images.coingecko.com/markets/images/747/small/coinstore.jpeg?1706864780,2025-03-18 15:14:20,2025-03-18 15:14:20
CoinGecko,35,BigONE,2017,Seychelles,https://bigone.com,https://coin-images.coingecko.com/markets/images/100/small/qcFFufEY_400x400.jpg?1706864287,2025-03-18 15:14:20,2025-03-18 15:14:20
CoinGecko,36,Pionex,2019,British Virgin Islands,https://www.pionex.com,https://coin-images.coingecko.com/markets/images/1026/small/pionex.png?1706865056,2025-03-18 15:14:20,2025-03-18 15:14:20
CoinGecko,37,Bitrue,2018,Seychelles,https://www.bitrue.com/,https://coin-images.coingecko.com/markets/images/254/small/unnamed_%281%29.png?1706864350,2025-03-18 15:14:20,2025-03-18 15:14:20
CoinGecko,38,CoinEx,2017,Samoa,https://www.coinex.com/,https://coin-images.coingecko.com/markets/images/135/small/coinex.jpg?1706864305,2025-03-18 15:14:20,2025-03-18 15:14:20
CoinGecko,39,BTSE,2018,British Virgin Islands,https://www.btse.com/,https://coin-images.coingecko.com/markets/images/464/small/BTSE.jpg?1706864449,2025-03-18 15:14:20,2025-03-18 15:14:20
CoinGecko,40,Fastex,2022,Lithuania,https://exchange.fastex.com/,https://coin-images.coingecko.com/markets/images/1091/small/fastex.png?1706865112,2025-03-18 15:14:20,2025-03-18 15:14:20
CoinGecko,41,Dex-Trade,2019,Belize,https://dex-trade.com/,https://coin-images.coingecko.com/markets/images/380/small/Dex-Trade.png?1706864395,2025-03-18 15:14:20,2025-03-18 15:14:20
CoinGecko,42,LATOKEN,2017,Cayman Islands,https://latoken.com/,https://coin-images.coingecko.com/markets/images/124/small/latoken.png?1706864301,2025-03-18 15:14:20,2025-03-18 15:14:20
CoinGecko,43,Bitstamp,2011,Luxembourg,https://links.bitstamp.net/c/2223866/1100037/14006,https://coin-images.coingecko.com/markets/images/9/small/bitstamp.jpg?1706864251,2025-03-18 15:14:20,2025-03-18 15:14:20
CoinGecko,44,Tokenize,2018,Singapore,https://tokenize.exchange/,https://coin-images.coingecko.com/markets/images/383/small/tokenize-exchange.png?1706864398,2025-03-18 15:14:20,2025-03-18 15:14:20
CoinGecko,45,HashKey Exchange,2018,Hong Kong,https://www.hashkey.com/,https://coin-images.coingecko.com/markets/images/1206/small/hashkey_2.png?1706869603,2025-03-18 15:14:20,2025-03-18 15:14:20
CoinGecko,46,EXMO,2014,United Kingdom,https://exmo.com/,https://coin-images.coingecko.com/markets/images/59/small/tt_ava.jpg?1706864278,2025-03-18 15:14:20,2025-03-18 15:14:20
CoinGecko,47,Bitkub,2018,Thailand,https://www.bitkub.com,https://coin-images.coingecko.com/markets/images/249/small/bitkub.png?1706864345,2025-03-18 15:14:20,2025-03-18 15:14:20
CoinGecko,48,bitcastle,2019,Lithuania,https://bitcastle.io/en,https://coin-images.coingecko.com/markets/images/1341/small/bitcastle_logo.png?1706865343,2025-03-18 15:14:20,2025-03-18 15:14:20
CoinGecko,49,Indodax,2014,Indonesia,https://indodax.com,https://coin-images.coingecko.com/markets/images/3/small/logogram-Indodax-new-_JPG_format.jpg?1706864243,2025-03-18 15:14:20,2025-03-18 15:14:20
CoinGecko,50,BitoPro,2018,Taiwan,https://www.bitopro.com/,https://coin-images.coingecko.com/markets/images/358/small/bitopro_coingecko_250x250_%281%29.png?1706864386,2025-03-18 15:14:20,2025-03-18 15:14:20
CoinGecko,51,Deribit Spot,2016,Panama,https://www.deribit.com/,https://coin-images.coingecko.com/markets/images/1144/small/deribit.jpeg?1706865161,2025-03-18 15:14:20,2025-03-18 15:14:20
CoinGecko,52,Bitso,2014,Gibraltar,https://bitso.com,https://coin-images.coingecko.com/markets/images/8/small/Bitso-icon-dark.png?1706864249,2025-03-18 15:14:20,2025-03-18 15:14:20
CoinGecko,53,Bitcointry,2023,Turkey,https://bitcointry.com,https://coin-images.coingecko.com/markets/images/1231/small/symbol.png?1737626816,2025-03-18 15:14:20,2025-03-18 15:14:20
CoinGecko,54,XT.COM,2018,Seychelles,https://www.xt.com/,https://coin-images.coingecko.com/markets/images/404/small/20240701-155217.jpeg?1719895821,2025-03-18 15:14:20,2025-03-18 15:14:20
CoinGecko,55,Bithumb,2014,South Korea,https://www.bithumb.com/,https://coin-images.coingecko.com/markets/images/6/small/bithumb_BI.png?1706864248,2025-03-18 15:14:20,2025-03-18 15:14:20
CoinGecko,56,Tapbit,2019,United States,https://www.tapbit.com/,https://coin-images.coingecko.com/markets/images/1374/small/Tapbit-Logo.png?1706865388,2025-03-18 15:14:20,2025-03-18 15:14:20
CoinGecko,57,Hibt,2021,Canada,https://hibt.com/,https://coin-images.coingecko.com/markets/images/11765/small/1000125652.jpg?1732085736,2025-03-18 15:14:20,2025-03-18 15:14:20
CoinGecko,58,Biconomy.com,2019,British Virgin Islands,https://www.biconomy.com/en,https://coin-images.coingecko.com/markets/images/633/small/logo_B._200x200.png?1723787144,2025-03-18 15:14:20,2025-03-18 15:14:20
CoinGecko,59,Deepcoin,2018,Seychelles,https://www.deepcoin.com/,https://coin-images.coingecko.com/markets/images/1005/small/deepcoin.jpeg?1706864992,2025-03-18 15:14:20,2025-03-18 15:14:20
CoinGecko,60,Bitvavo,2018,Netherlands,https://bitvavo.com/en,https://coin-images.coingecko.com/markets/images/714/small/bitvavo-mark-square-black.png?1706864670,2025-03-18 15:14:20,2025-03-18 15:14:20
CoinGecko,61,QMall,2021,Lithuania,https://qmall.io/,https://coin-images.coingecko.com/markets/images/1108/small/qmall.jpeg?1706865129,2025-03-18 15:14:20,2025-03-18 15:14:20
CoinGecko,62,bitFlyer,2014,Japan,https://bitflyer.com/en-eu/,https://coin-images.coingecko.com/markets/images/5/small/bitFlyer-logo.png?1706864247,2025-03-18 15:14:20,2025-03-18 15:14:20
CoinGecko,63,Phemex,2019,Singapore,https://phemex.com/,https://coin-images.coingecko.com/markets/images/564/small/phemex_logo.png?1706864519,2025-03-18 15:14:20,2025-03-18 15:14:20
CoinGecko,64,Slex,2023,Costa Rica,https://slex.io/,https://coin-images.coingecko.com/markets/images/1527/small/slex_200x200_2.png?1711335245,2025-03-18 15:14:20,2025-03-18 15:14:20
CoinGecko,65,Bitbank,2016,Japan,https://bitbank.cc/,https://coin-images.coingecko.com/markets/images/122/small/bitbank.jpg?1706864298,2025-03-18 15:14:20,2025-03-18 15:14:20
CoinGecko,66,PointPay,2018,Saint Vincent and the Grenadines,https://exchange.pointpay.io/,https://coin-images.coingecko.com/markets/images/1060/small/pointpay_logo2.png?1716858068,2025-03-18 15:14:20,2025-03-18 15:14:20
CoinGecko,67,BitDelta,2023,Vanuatu,https://bitdelta.com/,https://coin-images.coingecko.com/markets/images/1317/small/BitDelta_Logo_200x200.png?1706865321,2025-03-18 15:14:20,2025-03-18 15:14:20
CoinGecko,68,BloFin,2023,Marshall Islands,https://blofin.com,https://coin-images.coingecko.com/markets/images/1645/small/blofin_logo.jpeg?1718852326,2025-03-18 15:14:20,2025-03-18 15:14:20
CoinGecko,69,Kanga,2018,Belize,https://kanga.exchange/,https://coin-images.coingecko.com/markets/images/852/small/KaNGa_logo.png?1706864870,2025-03-18 15:14:20,2025-03-18 15:14:20
CoinGecko,70,Max Maicoin,2018,Taiwan,https://max.maicoin.com,https://coin-images.coingecko.com/markets/images/218/small/max.jpg?1706864331,2025-03-18 15:14:20,2025-03-18 15:14:20
CoinGecko,71,Korbit,2013,South Korea,https://www.korbit.co.kr/,https://coin-images.coingecko.com/markets/images/28/small/korbit-logo.png?1706864263,2025-03-18 15:14:20,2025-03-18 15:14:20
CoinGecko,72,Nonkyc.io,2023,Seychelles,https://nonkyc.io,https://coin-images.coingecko.com/markets/images/1281/small/NKYC-Logo.png?1706865279,2025-03-18 15:14:20,2025-03-18 15:14:20
CoinGecko,73,Coins.ph,2014,Philippines,https://coins.ph/about,https://coin-images.coingecko.com/markets/images/999/small/coinspro.png?1706864987,2025-03-18 15:14:20,2025-03-18 15:14:20
CoinGecko,74,Cube,2023,Australia,https://www.cube.exchange/,https://coin-images.coingecko.com/markets/images/1519/small/Cube_Wordmark_Vertical_White_With_Black_BG_%282%29.png?1713153820,2025-03-18 15:14:20,2025-03-18 15:14:20
CoinGecko,75,EarnBIT,2022,Lithuania,https://earnbit.com/,https://coin-images.coingecko.com/markets/images/1686/small/EarnBIT_logo.png?1723102496,2025-03-18 15:14:20,2025-03-18 15:14:20
CoinGecko,76,Foxbit,2014,Brazil,https://foxbit.com.br/,https://coin-images.coingecko.com/markets/images/864/small/foxbit.jpeg?1706864880,2025-03-18 15:14:20,2025-03-18 15:14:20
CoinGecko,77,BitMEX,2022,Seychelles,https://www.bitmex.com/spot/,https://coin-images.coingecko.com/markets/images/866/small/bitmex.jpeg?1706864881,2025-03-18 15:14:20,2025-03-18 15:14:20
CoinGecko,78,Hotcoin,2017,Seychelles,https://www.hotcoin.com,https://coin-images.coingecko.com/markets/images/1345/small/Hotcoin_logo.jpg?1706901913,2025-03-18 15:14:20,2025-03-18 15:14:20
CoinGecko,79,Uniswap V3 (Ethereum),2018,,https://app.uniswap.org/#/swap,https://coin-images.coingecko.com/markets/images/665/small/uniswap-v3.png?1706864608,2025-03-18 15:14:20,2025-03-18 15:14:20
CoinGecko,80,OrangeX,2021,Seychelles,https://www.orangex.com/,https://coin-images.coingecko.com/markets/images/1272/small/Subtract.png?1706865272,2025-03-18 15:14:20,2025-03-18 15:14:20
CoinGecko,81,AscendEX (BitMax),2018,Singapore,https://ascendex.com/en/global-digital-asset-platform,https://coin-images.coingecko.com/markets/images/277/small/%E5%8E%9F%E8%89%B2.png?1706864357,2025-03-18 15:14:20,2025-03-18 15:14:20
CoinGecko,82,Azbit,2018,Seychelles,https://azbit.com/,https://coin-images.coingecko.com/markets/images/787/small/logo.png?1706864819,2025-03-18 15:14:20,2025-03-18 15:14:20
CoinGecko,83,Uniswap V3 (Arbitrum One),2021,,https://app.uniswap.org/#/swap,https://coin-images.coingecko.com/markets/images/702/small/uniswap-v3.png?1706864655,2025-03-18 15:14:20,2025-03-18 15:14:20
CoinGecko,84,Raydium (CLMM),2022,,https://raydium.io/swap/,https://coin-images.coingecko.com/markets/images/1421/small/raydium.jpeg?1707371905,2025-03-18 15:14:20,2025-03-18 15:14:20
CoinGecko,85,PancakeSwap (v2),2020,,https://pancakeswap.finance,https://coin-images.coingecko.com/markets/images/687/small/pancakeswap.jpeg?1706864634,2025-03-18 15:14:20,2025-03-18 15:14:20
CoinGecko,86,Paribu,2017,Turkey,https://www.paribu.com/,https://coin-images.coingecko.com/markets/images/136/small/paribu.jpg?1706864307,2025-03-18 15:14:20,2025-03-18 15:14:20
CoinGecko,87,Uniswap V3 (BSC),2023,,https://app.uniswap.org/#/swap,https://coin-images.coingecko.com/markets/images/1092/small/uniswap.jpeg?1706865113,2025-03-18 15:14:20,2025-03-18 15:14:20
CoinGecko,88,CoinTR,2022,Turkey,https://www.cointr.com,https://coin-images.coingecko.com/markets/images/1028/small/COINTR_AMBLEM-01.jpg?1731456624,2025-03-18 15:14:20,2025-03-18 15:14:20
CoinGecko,89,Cetus,2022,,https://app.cetus.zone/swap/?,https://coin-images.coingecko.com/markets/images/1134/small/cetus.png?1706865152,2025-03-18 15:14:20,2025-03-18 15:14:20
CoinGecko,90,PancakeSwap V3 (Base),2023,,https://pancakeswap.finance/swap?chain=base,https://coin-images.coingecko.com/markets/images/1264/small/pancakeswap.jpeg?1706865267,2025-03-18 15:14:20,2025-03-18 15:14:20
CoinGecko,91,FMFW.io,2019,Bahamas,https://fmfw.io/,https://coin-images.coingecko.com/markets/images/467/small/fmfw.png?1706864453,2025-03-18 15:14:20,2025-03-18 15:14:20
CoinGecko,92,Uniswap V2 (Ethereum),2018,,https://app.uniswap.org/#/swap?use=V2,https://coin-images.coingecko.com/markets/images/535/small/256x256_Black-1.png?1706864503,2025-03-18 15:14:20,2025-03-18 15:14:20
CoinGecko,93,Bitci TR,2018,Turkey,https://www.bitci.com.tr/en,https://coin-images.coingecko.com/markets/images/450/small/Bitci.jpg?1706864442,2025-03-18 15:14:20,2025-03-18 15:14:20
CoinGecko,94,PancakeSwap V3 (Arbitrum),2023,,https://pancakeswap.finance/swap?chain=arb,https://coin-images.coingecko.com/markets/images/1225/small/pancakeswap.jpeg?1706865233,2025-03-18 15:14:20,2025-03-18 15:14:20
CoinGecko,95,Uniswap V3 (Polygon),2021,,https://app.uniswap.org/#/swap,https://coin-images.coingecko.com/markets/images/752/small/uniswap-polygon.png?1706864784,2025-03-18 15:14:20,2025-03-18 15:14:20
CoinGecko,96,GMO Japan,2017,Japan,https://coin.z.com/jp/,https://coin-images.coingecko.com/markets/images/430/small/gmo_z_com.png?1706864428,2025-03-18 15:14:20,2025-03-18 15:14:20
CoinGecko,97,Bullish,2021,Gibraltar,https://bullish.com/,https://coin-images.coingecko.com/markets/images/905/small/bullish_com.png?1706864904,2025-03-18 15:14:20,2025-03-18 15:14:20
CoinGecko,98,BitStorage,2018,Seychelles,https://bitstorage.finance,https://coin-images.coingecko.com/markets/images/394/small/Group_3575807.png?1706864409,2025-03-18 15:14:20,2025-03-18 15:14:20
CoinGecko,99,Balancer V2,2020,,https://balancer.fi/,https://coin-images.coingecko.com/markets/images/673/small/balancer-v2.png?1706864616,2025-03-18 15:14:20,2025-03-18 15:14:20
CoinGecko,100,VALR,2018,South Africa,https://www.valr.com/,https://coin-images.coingecko.com/markets/images/1036/small/VALR.png?1720089142,2025-03-18 15:14:20,2025-03-18 15:14:20
CryptoCompare,101,Bittrex,N/A,Bermuda,https://bittrex.com/account/register?referralCode=DE5-BNX-KJ0,https://www.cryptocompare.com//media/37746429/bittrex.png,2025-03-18 15:15:28,2025-03-18 15:15:28
CryptoCompare,102,BTCE,2017,Unknown,,https://www.cryptocompare.com//media/19560/btce.png,2025-03-18 15:15:28,2025-03-18 15:15:28
CryptoCompare,103,Okcoin,2013,U.S.A,https://www.okcoin.com/join?channelId=600006168,https://www.cryptocompare.com//media/39838353/okcoin.png,2025-03-18 15:15:28,2025-03-18 15:15:28
CryptoCompare,104,BTER,2017,China,https://bter.com,https://www.cryptocompare.com//media/19564/bter.png,2025-03-18 15:15:28,2025-03-18 15:15:28
CryptoCompare,105,Poloniex,2015,U.S.A,https://poloniex.com/signup?c=P6JKHDSZ,https://www.cryptocompare.com//media/39501488/poloniex.png,2025-03-18 15:15:28,2025-03-18 15:15:28
CryptoCompare,106,Cex.io,2013,United Kingdom,https://cex.io/?affprov=scaleo&o=2&a=25&c=12,https://www.cryptocompare.com//media/37746388/cex.png,2025-03-18 15:15:28,2025-03-18 15:15:28
CryptoCompare,107,Coinbase,2012,U.S.A,https://coinbase-consumer.sjv.io/c/2022136/552039/9251,https://www.cryptocompare.com//media/37747630/coinbase.png,2025-03-18 15:15:28,2025-03-18 15:15:28
CryptoCompare,108,LocalBitcoins,N/A,Unknown,https://localbitcoins.com/?ch=irs1,https://www.cryptocompare.com//media/37748090/localbitcoins.png,2025-03-18 15:15:28,2025-03-18 15:15:28
CryptoCompare,109,itBit,N/A,U.S.A.,https://www.itbit.com,https://www.cryptocompare.com//media/37748092/itbit.png,2025-03-18 15:15:28,2025-03-18 15:15:28
CryptoCompare,110,HitBTC,2013,British Virgin Islands,https://hitbtc.com/?ref_id=5a155b131ea65,https://www.cryptocompare.com//media/35651476/1.jpg,2025-03-18 15:15:28,2025-03-18 15:15:28
CryptoCompare,111,BTC38,N/A,China,http://www.btc38.com/,https://www.cryptocompare.com//media/19559/btc38.png,2025-03-18 15:15:28,2025-03-18 15:15:28
CryptoCompare,112,Huobi US,2019,U.S.A,https://www.huobi.com/,https://www.cryptocompare.com//media/34155552/huobi.jpg,2025-03-18 15:15:28,2025-03-18 15:15:28
CryptoCompare,113,LakeBTC,2013,China,https://www.lakebtc.com/?ref=glqg26,https://www.cryptocompare.com//media/20006/lakebtclogo.png,2025-03-18 15:15:28,2025-03-18 15:15:28
CryptoCompare,114,Bit2C,N/A,Israel,https://www.bit2c.co.il/,https://www.cryptocompare.com//media/37748110/bit2c.png,2025-03-18 15:15:28,2025-03-18 15:15:28
CryptoCompare,115,Coinsetter,2012,U.S.A,https://www.coinsetter.com/,https://www.cryptocompare.com//media/20007/coinsetterlogo.png,2025-03-18 15:15:28,2025-03-18 15:15:28
CryptoCompare,116,CCEX,N/A,Germany,https://c-cex.com/?rf=73ECBB84CFF6594E,https://www.cryptocompare.com//media/20008/ccex-logo.png,2025-03-18 15:15:28,2025-03-18 15:15:28
CryptoCompare,117,Coinse,N/A,Canada,https://www.coins-e.com,https://www.cryptocompare.com//media/20009/coinse-logo.png,2025-03-18 15:15:28,2025-03-18 15:15:28
CryptoCompare,118,MonetaGo,2015,U.S.A,https://exchange.monetago.com/#/,https://www.cryptocompare.com//media/20537/fcp9lz_z_400x400.png,2025-03-18 15:15:28,2025-03-18 15:15:28
CryptoCompare,119,Gatecoin,N/A,China,https://gatecoin.com,https://www.cryptocompare.com//media/20650/gatecoin.png,2025-03-18 15:15:28,2025-03-18 15:15:28
CryptoCompare,120,Yunbi,2017,China,https://yunbi.com,https://www.cryptocompare.com//media/20690/yunbi.png,2025-03-18 15:15:28,2025-03-18 15:15:28
CryptoCompare,121,CCEDK,2014,Denmark,https://www.ccedk.com/,https://www.cryptocompare.com//media/350563/ccedk.png,2025-03-18 15:15:28,2025-03-18 15:15:28
CryptoCompare,122,Cryptopia,2019,New Zealand,https://www.cryptopia.co.nz/Exchange,https://www.cryptocompare.com//media/350578/cryptopia.png,2025-03-18 15:15:28,2025-03-18 15:15:28
CryptoCompare,123,Yobit,N/A,Russia,https://yobit.io/?bonus=EJeYX,https://www.cryptocompare.com//media/350844/yobit.png,2025-03-18 15:15:28,2025-03-18 15:15:28
CryptoCompare,124,Zonda,2014,Estonia,https://auth.zonda.exchange/ref/ccompare,https://www.cryptocompare.com//media/43607767/zonda.png,2025-03-18 15:15:28,2025-03-18 15:15:28
CryptoCompare,125,BTCMarkets,2013,Australia,https://www.btcmarkets.net/,https://www.cryptocompare.com//media/37748154/btcmarkets.png,2025-03-18 15:15:28,2025-03-18 15:15:28
CryptoCompare,126,Coincheck,N/A,Japan,https://coincheck.com/?c=pw7mmhhD2os,https://www.cryptocompare.com//media/37748156/coincheck.png,2025-03-18 15:15:28,2025-03-18 15:15:28
CryptoCompare,127,Bisq,N/A,Unknown,https://bisq.network/,https://www.cryptocompare.com//media/37748159/bisq.png,2025-03-18 15:15:28,2025-03-18 15:15:28
CryptoCompare,128,Mercado Bitcoin,N/A,Brazil,https://www.mercadobitcoin.com.br,https://www.cryptocompare.com//media/45673749/mercado-bitcoin.png,2025-03-18 15:15:28,2025-03-18 15:15:28
CryptoCompare,129,Unocoin,2013,India,https://www.unocoin.com,https://www.cryptocompare.com//media/37748170/unocoin.png,2025-03-18 15:15:28,2025-03-18 15:15:28
CryptoCompare,130,BTCXIndia,N/A,India,https://btcxindia.com/,https://www.cryptocompare.com//media/352017/btcxindia.png,2025-03-18 15:15:28,2025-03-18 15:15:28
CryptoCompare,131,Paymium,2011,France,https://www.paymium.com/page/sign-up?referral=hsMxUf_eySR5zbYjeRSV,https://www.cryptocompare.com//media/37748220/paymium.png,2025-03-18 15:15:28,2025-03-18 15:15:28
CryptoCompare,132,The Rock Trading,2007,Italy,https://www.therocktrading.com/referral/450,https://www.cryptocompare.com//media/40219071/the-rock-trading.png,2025-03-18 15:15:28,2025-03-18 15:15:28
CryptoCompare,133,Quoine,N/A,Japan,https://www.quoine.com/,https://www.cryptocompare.com//media/1381996/quoine.png,2025-03-18 15:15:28,2025-03-18 15:15:28
CryptoCompare,134,Liqui,2017,Ukraine,https://liqui.io,https://www.cryptocompare.com//media/1382126/liqui.png,2025-03-18 15:15:28,2025-03-18 15:15:28
CryptoCompare,135,EtherDelta,N/A,U.S.A,https://etherdelta.com/,https://www.cryptocompare.com//media/37748263/etherdelta.png,2025-03-18 15:15:28,2025-03-18 15:15:28
CryptoCompare,136,TuxExchange,N/A,Canada,https://tuxexchange.com/,https://www.cryptocompare.com//media/1382343/tux.jpg,2025-03-18 15:15:28,2025-03-18 15:15:28
CryptoCompare,137,CHBTC,2013,China,https://www.chbtc.com/,https://www.cryptocompare.com//media/1382345/chbtc_logo.png,2025-03-18 15:15:28,2025-03-18 15:15:28
CryptoCompare,138,bitFlyerFX,N/A,Japan,https://lightning.bitflyer.jp,https://www.cryptocompare.com//media/39383100/bitflyer.png,2025-03-18 15:15:28,2025-03-18 15:15:28
CryptoCompare,139,Livecoin,N/A,Belize,https://livecoin.net/?from=Livecoin-pCYyjfdH,https://www.cryptocompare.com//media/1382398/livecoin.png,2025-03-18 15:15:28,2025-03-18 15:15:28
CryptoCompare,140,CoinCorner,N/A,Isle of Man,https://www.coincorner.com?AffiliateId=552,https://www.cryptocompare.com//media/1382612/coincorner.jpg,2025-03-18 15:15:28,2025-03-18 15:15:28
CryptoCompare,141,BitMarket,N/A,Poland,https://www.bitmarket.net/,https://www.cryptocompare.com//media/1382621/bitmarket.png,2025-03-18 15:15:28,2025-03-18 15:15:28
CryptoCompare,142,Coinone,N/A,South Korea,https://coinone.co.kr/,https://www.cryptocompare.com//media/1382708/coinone.png,2025-03-18 15:15:28,2025-03-18 15:15:28
CryptoCompare,143,Bleutrade,N/A,Brazil,https://bleutrade.com/?ref=qNSZ1o-dm5dnZmmWk2Q=,https://www.cryptocompare.com//media/1383237/bleutrade.png,2025-03-18 15:15:28,2025-03-18 15:15:28
CryptoCompare,144,ETHEXIndia,N/A,India,https://ethexindia.com,https://www.cryptocompare.com//media/1383238/ethexindia.jpg,2025-03-18 15:15:28,2025-03-18 15:15:28
CryptoCompare,145,Surbitcoin,N/A,Venezuela,https://surbitcoin.com/,https://www.cryptocompare.com//media/1383246/surbitcoin.jpg,2025-03-18 15:15:28,2025-03-18 15:15:28
CryptoCompare,146,Bithumb Korea,N/A,South Korea,https://www.bithumb.com/EN/,https://www.cryptocompare.com//media/1383284/bithump.png,2025-03-18 15:15:28,2025-03-18 15:15:28
CryptoCompare,147,Zaif,2018,Japan,https://zaif.jp/,https://www.cryptocompare.com//media/1383329/zaif.png,2025-03-18 15:15:28,2025-03-18 15:15:28
CryptoCompare,148,Jubi,2014,China,https://www.jubi.com/,https://www.cryptocompare.com//media/1383358/junbi.png,2025-03-18 15:15:28,2025-03-18 15:15:28
CryptoCompare,149,ViaBTC,2017,China,https://www.viabtc.com/signup?refer=218050,https://www.cryptocompare.com//media/352008/viabtc.png,2025-03-18 15:15:28,2025-03-18 15:15:28
CryptoCompare,150,NovaExchange,2016,Sweden ,https://novaexchange.com/,https://www.cryptocompare.com//media/35309609/novaexchange.png,2025-03-18 15:15:28,2025-03-18 15:15:28
CryptoCompare,151,Waves.Exchange,2017,Unkown,https://waves.exchange,https://www.cryptocompare.com//media/37748115/waves.png,2025-03-18 15:15:28,2025-03-18 15:15:28
CryptoCompare,152,Lykke,N/A,Switzerland,https://www.lykke.com/,https://www.cryptocompare.com//media/44223496/lykke.png,2025-03-18 15:15:28,2025-03-18 15:15:28
CryptoCompare,153,Remitano,2015,Republic of Seychelles,https://remitano.com/btc/,https://www.cryptocompare.com//media/37072302/remitano.png,2025-03-18 15:15:28,2025-03-18 15:15:28
CryptoCompare,154,Coinroom,N/A,Poland,https://coinroom.com,https://www.cryptocompare.com//media/12318277/coinroom.png,2025-03-18 15:15:28,2025-03-18 15:15:28
CryptoCompare,155,Abucoins,N/A,Poland,https://abucoins.com,https://www.cryptocompare.com//media/12318410/abucoins.png,2025-03-18 15:15:28,2025-03-18 15:15:28
CryptoCompare,156,BX.in.th,2013,Thailand,https://bx.in.th,https://www.cryptocompare.com//media/14913562/bxinth.png,2025-03-18 15:15:28,2025-03-18 15:15:28
CryptoCompare,157,EXX,N/A,China,https://www.exxcn.com/,https://www.cryptocompare.com//media/16746431/exx.png,2025-03-18 15:15:28,2025-03-18 15:15:28
CryptoCompare,158,BitGrail,N/A,Italy,https://bitgrail.com/,https://www.cryptocompare.com//media/25792564/bitgrail.png,2025-03-18 15:15:28,2025-03-18 15:15:28
CryptoCompare,159,Bit-Z,2016,U.S.A,https://www.bit-z.com/,https://www.cryptocompare.com//media/27010523/1.png,2025-03-18 15:15:28,2025-03-18 15:15:28
CryptoCompare,160,BitFlip,N/A,Russia,https://bitflip.li,https://www.cryptocompare.com//media/27010624/bitflip.png,2025-03-18 15:15:28,2025-03-18 15:15:28
CryptoCompare,161,CoinCap,N/A,Malaysia,https://coincap.io/,https://www.cryptocompare.com//media/27010872/coincap.png,2025-03-18 15:15:28,2025-03-18 15:15:28
CryptoCompare,162,Chilebit,N/A,Chile,https://chilebit.net/en_US/#,https://www.cryptocompare.com//media/27010999/untitled-1.png,2025-03-18 15:15:28,2025-03-18 15:15:28
CryptoCompare,163,VBTC,N/A,Vietnam,https://vbtc.exchange,https://www.cryptocompare.com//media/27011000/untitled-1.png,2025-03-18 15:15:28,2025-03-18 15:15:28
CryptoCompare,164,Graviex,2017,Russia,https://graviex.net/,https://www.cryptocompare.com//media/30001861/graviex.jpg,2025-03-18 15:15:28,2025-03-18 15:15:28
CryptoCompare,165,Coindeal,N/A,St. Vincent and the Grenadines,https://coindeal.com/,https://www.cryptocompare.com//media/30001987/coindeal.jpg,2025-03-18 15:15:28,2025-03-18 15:15:28
CryptoCompare,166,Aidosmarket,N/A,UAE,https://aidosmarket.com/,https://www.cryptocompare.com//media/30001990/aidosmarket.jpg,2025-03-18 15:15:28,2025-03-18 15:15:28
CryptoCompare,167,token.store,N/A,Unknown,https://token.store/,https://www.cryptocompare.com//media/35521382/tokenstore.png,2025-03-18 15:15:28,2025-03-18 15:15:28
CryptoCompare,168,DeversiFi,N/A,Unknown,https://www.ethfinex.com/,https://www.cryptocompare.com//media/35651715/deversifi.png,2025-03-18 15:15:28,2025-03-18 15:15:28
CryptoCompare,169,Coinnest,N/A,South Korea,https://www.coinnest.co.kr/,https://www.cryptocompare.com//media/30002142/coinnest.png,2025-03-18 15:15:28,2025-03-18 15:15:28
CryptoCompare,170,IDEX,N/A,Unknown,https://idex.market/,https://www.cryptocompare.com//media/30002143/idex.png,2025-03-18 15:15:28,2025-03-18 15:15:28
CryptoCompare,171,Buda,N/A,Chile,https://www.buda.com,https://www.cryptocompare.com//media/30002300/buda.jpg,2025-03-18 15:15:28,2025-03-18 15:15:28
CryptoCompare,172,Braziliex,N/A,Brazil,https://braziliex.com/,https://www.cryptocompare.com//media/30002254/brazilex.png,2025-03-18 15:15:28,2025-03-18 15:15:28
CryptoCompare,173,NERAEX,N/A,Japan,https://neraex.pro/,https://www.cryptocompare.com//media/32655940/neraex.png,2025-03-18 15:15:28,2025-03-18 15:15:28
CryptoCompare,174,BtcTurk Pro,N/A,Turkey,https://www.btcturk.com/,https://www.cryptocompare.com//media/43607777/btcturk-pro.png,2025-03-18 15:15:28,2025-03-18 15:15:28
CryptoCompare,175,Bibox,N/A,Estonia,https://www.bibox.com/v2/login/register?invite_code=0aDK3K,https://www.cryptocompare.com//media/43607779/bibox.png,2025-03-18 15:15:28,2025-03-18 15:15:28
CryptoCompare,176,DDEX,N/A,Cayman Islands,https://ddex.io/,https://www.cryptocompare.com//media/43607780/ddex.png,2025-03-18 15:15:28,2025-03-18 15:15:28
CryptoCompare,177,ZB,N/A,China,https://www.zb.com/en/,https://www.cryptocompare.com//media/43607781/zb.png,2025-03-18 15:15:28,2025-03-18 15:15:28
CryptoCompare,178,SingularityX,N/A,Lithuania,https://exchange.singularity-x.com/,https://www.cryptocompare.com//media/43607783/singularityx.png,2025-03-18 15:15:28,2025-03-18 15:15:28
CryptoCompare,179,Simex,N/A,U.S.A,https://simex.global/en/exchange/,https://www.cryptocompare.com//media/33434299/simex.png,2025-03-18 15:15:28,2025-03-18 15:15:28
CryptoCompare,180,Nebula,N/A,France,https://nebula.exchange/,https://www.cryptocompare.com//media/33434298/nebula.jpg,2025-03-18 15:15:28,2025-03-18 15:15:28
CryptoCompare,181,Bluebelt,N/A,Japan,https://register.bluebelt.asia/aff=10000311,https://www.cryptocompare.com//media/33434306/bluebelt.png,2025-03-18 15:15:28,2025-03-18 15:15:28
CryptoCompare,182,RightBTC,N/A,Hong Kong,https://www.rightbtc.com,https://www.cryptocompare.com//media/36639939/r-logo.png,2025-03-18 15:15:28,2025-03-18 15:15:28
CryptoCompare,183,WorldCryptoExchange,N/A,Malaysia,https://www.worldcryptocap.com/,https://www.cryptocompare.com//media/34155543/worldcryptoexchange.png,2025-03-18 15:15:28,2025-03-18 15:15:28
CryptoCompare,184,ABCC,N/A,Singapore,https://abcc.com/,https://www.cryptocompare.com//media/43607784/abcc.png,2025-03-18 15:15:28,2025-03-18 15:15:28
CryptoCompare,185,OpenLedger,N/A,Denmark,https://openledger.info/,https://www.cryptocompare.com//media/34477725/openledgerdex.png,2025-03-18 15:15:28,2025-03-18 15:15:28
CryptoCompare,186,WEX,N/A,Singapore,https://wex.nz/,https://www.cryptocompare.com//media/33957394/wex.png,2025-03-18 15:15:28,2025-03-18 15:15:28
CryptoCompare,187,Bitexbook,N/A,St.Vincent and Grenadines,https://bitexbook.com/,https://www.cryptocompare.com//media/34077386/bitexbook.jpg,2025-03-18 15:15:28,2025-03-18 15:15:28
CryptoCompare,188,CCRBX,N/A,India,https://pro.techbank.finance/,https://www.cryptocompare.com//media/34077419/cryptocarbon.png,2025-03-18 15:15:28,2025-03-18 15:15:28
CryptoCompare,189,CoinBene,N/A,Singapore,https://www.coinbene.com/auth/register?hash=3N0bXCa,https://www.cryptocompare.com//media/34155495/coinbene.jpg,2025-03-18 15:15:28,2025-03-18 15:15:28
CryptoCompare,190,FCoin,N/A,Unknown,https://www.fcoin.com/,https://www.cryptocompare.com//media/34155497/fcoin.jpg,2025-03-18 15:15:28,2025-03-18 15:15:28
CryptoCompare,191,Kuna,N/A,British Virgin Islands,https://kuna.io?r=kunaid-87ewkpgc3ruz,https://www.cryptocompare.com//media/35309258/kuna.png,2025-03-18 15:15:28,2025-03-18 15:15:28
CryptoCompare,192,Tokenomy,N/A,Singapore,https://exchange.tokenomy.com/ref/1d0729d77eb69b54,https://www.cryptocompare.com//media/27010864/ten.png,2025-03-18 15:15:28,2025-03-18 15:15:28
CryptoCompare,193,IDAX,N/A,Mongolia,https://www.idax.pro/#/,https://www.cryptocompare.com//media/37747411/idax-exchange.png,2025-03-18 15:15:28,2025-03-18 15:15:28
CryptoCompare,194,Coinhub,N/A,Singapore,https://www.coinhub.io/en,https://www.cryptocompare.com//media/34155590/coinhub.jpg,2025-03-18 15:15:28,2025-03-18 15:15:28
CryptoCompare,195,Hikenex,N/A,Malaysia,https://hikenex.com/,https://www.cryptocompare.com//media/34155593/hikenex.jpg,2025-03-18 15:15:28,2025-03-18 15:15:28
CryptoCompare,196,QRYPTOS,2014,Japan,https://www.qryptos.com/,https://www.cryptocompare.com//media/34333432/qryptos.jpg,2025-03-18 15:15:28,2025-03-18 15:15:28
CryptoCompare,197,BTCBOX,N/A,Japan,https://www.btcbox.co.jp,https://www.cryptocompare.com//media/43607786/btcbox.png,2025-03-18 15:15:28,2025-03-18 15:15:28
CryptoCompare,198,HADAX,2013,China,https://www.hadax.com/,https://www.cryptocompare.com//media/34477720/hadax.png,2025-03-18 15:15:28,2025-03-18 15:15:28
CryptoCompare,199,Cryptobulls,N/A,Canada,https://www.cryptobulls.exchange/register/z2Jbd4,https://www.cryptocompare.com//media/34333436/cryptobulls.png,2025-03-18 15:15:28,2025-03-18 15:15:28
CryptoCompare,200,Independent Reserve,N/A,Australia,https://www.independentreserve.com/,https://www.cryptocompare.com//media/34333442/independent-reserve.png,2025-03-18 15:15:28,2025-03-18 15:15:28
CryptoCompare,201,CODEX,2018,Estonia,https://coincodex.com/exchange/codex/,https://www.cryptocompare.com//media/35650564/codex.png,2025-03-18 15:15:28,2025-03-18 15:15:28
CryptoCompare,202,DEx.top,2018,Hong Kong,https://dex.top/,https://www.cryptocompare.com//media/34477963/dextop.png,2025-03-18 15:15:28,2025-03-18 15:15:28
CryptoCompare,203,Ironex,N/A,China,https://www.ironex.exchange/index.php,https://www.cryptocompare.com//media/34477964/ironex.png,2025-03-18 15:15:28,2025-03-18 15:15:28
CryptoCompare,204,Zecoex,N/A,India,https://zecoex.com/,https://www.cryptocompare.com//media/34478051/zecoex.png,2025-03-18 15:15:28,2025-03-18 15:15:28
CryptoCompare,205,NLexch,N/A,Netherlands,https://www.nlexch.com/,https://www.cryptocompare.com//media/34478052/nlexch.png,2025-03-18 15:15:28,2025-03-18 15:15:28
CryptoCompare,206,Globitex,2017,Gibraltar,https://globitex.com/,https://www.cryptocompare.com//media/37747406/globitex.png,2025-03-18 15:15:28,2025-03-18 15:15:28
CryptoCompare,207,ORE,N/A,Unknown,https://ore.bz/,https://www.cryptocompare.com//media/34478055/ore_bz.png,2025-03-18 15:15:28,2025-03-18 15:15:28
CryptoCompare,208,Bitinfi,N/A,China,https://web.bitinfi.com/,https://www.cryptocompare.com//media/34478093/bitinfi.png,2025-03-18 15:15:28,2025-03-18 15:15:28
CryptoCompare,209,CoinJar,N/A,Australia,https://cjr.io/bJ4T,https://www.cryptocompare.com//media/44082084/coinjar.png,2025-03-18 15:15:28,2025-03-18 15:15:28
CryptoCompare,210,Satang Pro,N/A,Thailand,https://satang.pro/exchange/market/USDT-THB,https://www.cryptocompare.com//media/35521354/satang-pro.png,2025-03-18 15:15:28,2025-03-18 15:15:28
CryptoCompare,211,ACX,2016,Australia,https://acx.io/,https://www.cryptocompare.com//media/34478106/acx.png,2025-03-18 15:15:28,2025-03-18 15:15:28
CryptoCompare,212,Bitsane,N/A,Republic of Ireland,https://bitsane.com/,https://www.cryptocompare.com//media/34478105/bitsane.png,2025-03-18 15:15:28,2025-03-18 15:15:28
CryptoCompare,213,Fisco CryptoCurrency Exchange,2018,Japan,https://fcce.jp/,https://www.cryptocompare.com//media/34478110/fcce.png,2025-03-18 15:15:28,2025-03-18 15:15:28
CryptoCompare,214,GNEISS,2016,British Virgin Islands,https://gneiss.io/,https://www.cryptocompare.com//media/34478192/gneiss.png,2025-03-18 15:15:28,2025-03-18 15:15:28
CryptoCompare,215,CoinPulse,N/A,Panama,https://www.coinpulse.io/ref/c107b090f21b5ba0a9502baa9304faec,https://www.cryptocompare.com//media/34478194/coinpulse.png,2025-03-18 15:15:28,2025-03-18 15:15:28
CryptoCompare,216,BKEX,N/A,British Virgin Islands,https://www.bkex.com/#/,https://www.cryptocompare.com//media/40219070/bkex.png,2025-03-18 15:15:28,2025-03-18 15:15:28
CryptoCompare,217,BitForex,N/A,Republic of Seychelles,https://www.bitforex.com/en/register?inviterId=2813349,https://www.cryptocompare.com//media/35651484/bitforex.png,2025-03-18 15:15:28,2025-03-18 15:15:28
CryptoCompare,218,LIQNET,N/A,Singapore,https://liqnet.com/,https://www.cryptocompare.com//media/34478286/liqnet.png,2025-03-18 15:15:28,2025-03-18 15:15:28
CryptoCompare,219,BCEX,2017,China,https://www.bcex.ca/coins#map,https://www.cryptocompare.com//media/34478287/bcex.jpg,2025-03-18 15:15:28,2025-03-18 15:15:28
CryptoCompare,220,Liquid,2014,Japan,https://www.liquid.com/sign-up/?affiliate=5xKB_VpY775134,https://www.cryptocompare.com//media/37748118/liquid-exchange.png,2025-03-18 15:15:28,2025-03-18 15:15:28
CryptoCompare,221,MineBit,N/A,South Korea,https://minebit.com/,https://www.cryptocompare.com//media/34478344/minebit.png,2025-03-18 15:15:28,2025-03-18 15:15:28
CryptoCompare,222,IQFinex,N/A,Switzerland,https://www.iqfinex.com/,https://www.cryptocompare.com//media/34478355/iqfinex.png,2025-03-18 15:15:28,2025-03-18 15:15:28
CryptoCompare,223,STEX,N/A,Estonia,https://www.stex.com/,https://www.cryptocompare.com//media/35284410/stex.png,2025-03-18 15:15:28,2025-03-18 15:15:28
CryptoCompare,224,iCoinbay,N/A,Republic of the Marshall Islands,http://bit.ly/2D3JFHB,https://www.cryptocompare.com//media/35307347/icoinbay.png,2025-03-18 15:15:28,2025-03-18 15:15:28
CryptoCompare,225,CoinTiger,N/A,China,https://www.cointiger.com/?utm_source=cryptocompare,https://www.cryptocompare.com//media/34478445/cointiger.png,2025-03-18 15:15:28,2025-03-18 15:15:28
CryptoCompare,226,3XBIT,N/A,Brazil,http://bit.ly/2xU2hVr,https://www.cryptocompare.com//media/34478510/3xbit.png,2025-03-18 15:15:28,2025-03-18 15:15:28
CryptoCompare,227,Cobinhood,N/A,Taiwan,https://cobinhood.com/,https://www.cryptocompare.com//media/34478511/cobinhood.png,2025-03-18 15:15:28,2025-03-18 15:15:28
CryptoCompare,228,Switcheo,N/A,Singapore,https://switcheo.network/?utm_source=cryptocompare&utm_medium=exchange_menu_sponsorship&utm_campaign=12_10_2018,https://www.cryptocompare.com//media/37071995/switcheosymbol_transparent_primary.png,2025-03-18 15:15:28,2025-03-18 15:15:28
CryptoCompare,229,Everbloom,N/A,U.S.A,https://everbloom.co,https://www.cryptocompare.com//media/34478518/everbloom.png,2025-03-18 15:15:28,2025-03-18 15:15:28
CryptoCompare,230,Exrates,2016,Estonia,https://exrates.me/,https://www.cryptocompare.com//media/34478559/exrates.png,2025-03-18 15:15:28,2025-03-18 15:15:28
CryptoCompare,231,CoinsBit,N/A,Estonia,http://bit.ly/2OUXutd,https://www.cryptocompare.com//media/34478561/coinsbit.png,2025-03-18 15:15:28,2025-03-18 15:15:28
CryptoCompare,232,NDAX,N/A,Canada,https://ndax.io/?utm_source=cryptocompare,https://www.cryptocompare.com//media/34835681/ndax.png,2025-03-18 15:15:28,2025-03-18 15:15:28
CryptoCompare,233,BitShares,N/A,Slovenia,https://bitshares.org/,https://www.cryptocompare.com//media/37746342/bitshares-exchange.png,2025-03-18 15:15:28,2025-03-18 15:15:28
CryptoCompare,234,Coinmate,2014,Unkown,https://coinmate.io?referral=T1c5NVkzRkdWRkJRWkRSNVdUSlhjbWRTZEZaUFVRPT0,https://www.cryptocompare.com//media/34835688/coinmate.png,2025-03-18 15:15:28,2025-03-18 15:15:28
CryptoCompare,235,Gnosis,N/A,Gibraltar,https://gnosis.pm/,https://www.cryptocompare.com//media/37746341/gnosis-exchange.png,2025-03-18 15:15:28,2025-03-18 15:15:28
CryptoCompare,236,IncoreX,N/A,Estonia,https://incorex.com/en/?utm_source=cryptocompare&utm_medium=exchange_menu_sponsorship&utm_campaign=26_10_2018,https://www.cryptocompare.com//media/34835950/incorex.png,2025-03-18 15:15:28,2025-03-18 15:15:28
CryptoCompare,237,EtherMium,N/A,Unknown,https://ethermium.com/?utm_source=cryptocompare,https://www.cryptocompare.com//media/34835910/ethermium.png,2025-03-18 15:15:28,2025-03-18 15:15:28
CryptoCompare,238,Nuex,N/A,Italy,https://www.nuex.com/,https://www.cryptocompare.com//media/34835913/nuex.png,2025-03-18 15:15:28,2025-03-18 15:15:28
CryptoCompare,239,Turtle Network DEX,N/A,Unkown,https://wallet.turtlenetwork.eu/trade?assetId2=TN&assetId1=5Asy9P3xjcvBAgbeyiitZhBRJZJ2TPGSZJz9ihDTnB3d,https://www.cryptocompare.com//media/34835912/blackturtle.png,2025-03-18 15:15:28,2025-03-18 15:15:28
CryptoCompare,240,Catex,N/A,China,https://www.catex.io/?utm_source=cryptocompare&utm_medium=exchange_list_sponsorship&utm_campaign=31_10_2018,https://www.cryptocompare.com//media/34835995/catex.png,2025-03-18 15:15:28,2025-03-18 15:15:28
CryptoCompare,241,Exenium,N/A,Unknown,https://exenium.trade/,https://www.cryptocompare.com//media/34836058/exenium.png,2025-03-18 15:15:28,2025-03-18 15:15:28
CryptoCompare,242,ZBG,N/A,Hong Kong,https://www.zbg.com/newEn?recommendCode=ODhGYUhQdHljTmM=,https://www.cryptocompare.com//media/43687827/zbg.png,2025-03-18 15:15:28,2025-03-18 15:15:28
CryptoCompare,243,BTC-Exchange,2013,Lithuania,https://www.btc-exchange.com/?utm_source=cryptocompare,https://www.cryptocompare.com//media/35307367/btcexchange.png,2025-03-18 15:15:28,2025-03-18 15:15:28
CryptoCompare,244,SafeTrade,N/A,Canada,https://www.safe.trade/,https://www.cryptocompare.com//media/35308843/safetrade.png,2025-03-18 15:15:28,2025-03-18 15:15:28
CryptoCompare,245,XS2,N/A,Australia,https://xs2.exchange/?utm_source=cryptocompare,https://www.cryptocompare.com//media/35308854/xs2.png,2025-03-18 15:15:28,2025-03-18 15:15:28
CryptoCompare,246,BW.com,2017,Hong Kong,https://www.bw.com/regGetCommission/ODhGckpVWjdwTmc=?lan=en,https://www.cryptocompare.com//media/37746305/bw-com-exchange.png,2025-03-18 15:15:28,2025-03-18 15:15:28
CryptoCompare,247,Coinsuper,2017,Hong Kong,https://www.coinsuper.com,https://www.cryptocompare.com//media/35309091/coinsuper.png,2025-03-18 15:15:28,2025-03-18 15:15:28
CryptoCompare,248,CryptoExchangeWS,N/A,Italy,https://www.crypto-exchange.ws/,https://www.cryptocompare.com//media/35309130/cryptoexchangews.png,2025-03-18 15:15:28,2025-03-18 15:15:28
CryptoCompare,249,Smartrade,N/A,Canada,https://smartrade.com,https://www.cryptocompare.com//media/35309388/smartradedjs.png,2025-03-18 15:15:28,2025-03-18 15:15:28
CryptoCompare,250,Alphaex,N/A,Malta,https://alphaex.net/home?utm_source=cryptocompare,https://www.cryptocompare.com//media/35309412/alphaex.png,2025-03-18 15:15:28,2025-03-18 15:15:28
CryptoCompare,251,Altilly,N/A,China,https://www.altilly.com/,https://www.cryptocompare.com//media/35309473/altilly.jpg,2025-03-18 15:15:28,2025-03-18 15:15:28
CryptoCompare,252,BITPoint,2016,Japan,https://www.bitpoint.co.jp/,https://www.cryptocompare.com//media/37746297/bitpoint-exchange.png,2025-03-18 15:15:28,2025-03-18 15:15:28
CryptoCompare,253,SparkDEX,N/A,Hong Kong,http://www.bitspark.io/sparkdex,https://www.cryptocompare.com//media/35651754/sparkdex.png,2025-03-18 15:15:28,2025-03-18 15:15:28
CryptoCompare,254,Binance Jersey,N/A,U.S.A,https://www.binance.je/?ref=35014636,https://www.cryptocompare.com//media/35309561/binance-jersey.png,2025-03-18 15:15:28,2025-03-18 15:15:28
CryptoCompare,255,Bgogo,N/A,Cayman Islands,https://bgogo.com,https://www.cryptocompare.com//media/35309562/bgogo.png,2025-03-18 15:15:28,2025-03-18 15:15:28
CryptoCompare,256,Xena,N/A,St. Vincent and the Grenadines,https://xena.exchange/,https://www.cryptocompare.com//media/37746284/xena-exchange.png,2025-03-18 15:15:28,2025-03-18 15:15:28
CryptoCompare,257,ChainRift,N/A,U.S.A,https://www.chainrift.com/?R=CryptoCompare,https://www.cryptocompare.com//media/35521024/chainrift.png,2025-03-18 15:15:28,2025-03-18 15:15:28
CryptoCompare,258,Poloni DEX,2019,Cayman Islands,https://poloniex.org/?utm_source=cryptocompare,https://www.cryptocompare.com//media/36634467/polonidex.png,2025-03-18 15:15:28,2025-03-18 15:15:28
CryptoCompare,259,AliExchange,2018,Estonia,https://www.aliexchange.com/,https://www.cryptocompare.com//media/35521286/aliexchange.png,2025-03-18 15:15:28,2025-03-18 15:15:28
CryptoCompare,260,FatBTC,2014,Republic of Seychelles,https://fatbtc.com/,https://www.cryptocompare.com//media/35521380/fatbtc.png,2025-03-18 15:15:28,2025-03-18 15:15:28
CryptoCompare,261,AscendEX,2018,Singapore,https://ascendex.com/register?inviteCode=M9DGTD6S,https://www.cryptocompare.com//media/37747508/ascendex.png,2025-03-18 15:15:28,2025-03-18 15:15:28
CryptoCompare,262,COSS,N/A,Netherlands,https://coss.io/,https://www.cryptocompare.com//media/37746281/coss.png,2025-03-18 15:15:28,2025-03-18 15:15:28
CryptoCompare,263,BitTrade,2018,Japan,https://www.bittrade.co.jp/register/?invite_code=pG8Up,https://www.cryptocompare.com//media/44154147/bittrade.png,2025-03-18 15:15:28,2025-03-18 15:15:28
CryptoCompare,264,Huobi Korea,N/A,South Korea,https://www.hb.co.kr/maid/maidRank?invite_code=s9954,https://www.cryptocompare.com//media/43687840/huobi.png,2025-03-18 15:15:28,2025-03-18 15:15:28
CryptoCompare,265,Eidoo Hybrid Exchange,N/A,Switzerland,https://eidoo.io/hybrid-crypto-exchange,https://www.cryptocompare.com//media/43687830/eidoo-hybrid.png,2025-03-18 15:15:28,2025-03-18 15:15:28
CryptoCompare,266,iDevex,N/A,Hong Kong,https://idevex.in/,https://www.cryptocompare.com//media/35650652/idev.png,2025-03-18 15:15:28,2025-03-18 15:15:28
CryptoCompare,267,Crex24,2017,Cyprus,https://crex24.com/,https://www.cryptocompare.com//media/37746274/crex24.png,2025-03-18 15:15:28,2025-03-18 15:15:28
CryptoCompare,268,GOPAX,2018,South Korea,https://www.gopax.co.kr/,https://www.cryptocompare.com//media/35650676/gopax.png,2025-03-18 15:15:28,2025-03-18 15:15:28
CryptoCompare,269,CoinField,2018,Estonia,https://coinfield.com/ref/0/ID684AB86D50,https://www.cryptocompare.com//media/43687837/coinfield.png,2025-03-18 15:15:28,2025-03-18 15:15:28
CryptoCompare,270,CoinZest,2018,South Korea,https://kr.coinzest.com/,https://www.cryptocompare.com//media/35651333/coinzest.png,2025-03-18 15:15:28,2025-03-18 15:15:28
CryptoCompare,271,Bingcoins,N/A,New Zealand,https://bingcoins.com/,https://www.cryptocompare.com//media/35650886/bingcoins.png,2025-03-18 15:15:28,2025-03-18 15:15:28
CryptoCompare,272,CoinAll,2014,Hong Kong,https://www.coinall.com/,https://www.cryptocompare.com//media/37746265/coinall.png,2025-03-18 15:15:28,2025-03-18 15:15:28
CryptoCompare,273,Bitci,N/A,Turkey,https://www.bitci.com/,https://www.cryptocompare.com//media/35650906/bitci.png,2025-03-18 15:15:28,2025-03-18 15:15:28
CryptoCompare,274,PrimeXBT,2018,Republic of Seychelles,https://go.primexbt.partners/click?pid=21300&offer_id=12,https://www.cryptocompare.com//media/37746264/primexbt-exchange.png,2025-03-18 15:15:28,2025-03-18 15:15:28
CryptoCompare,275,OEX,N/A,Singapore,https://www.oex.com/,https://www.cryptocompare.com//media/35651002/oex.png,2025-03-18 15:15:28,2025-03-18 15:15:28
CryptoCompare,276,Onederx,N/A,Estonia,https://onederx.com/en,https://www.cryptocompare.com//media/35651014/onederx.png,2025-03-18 15:15:28,2025-03-18 15:15:28
CryptoCompare,277,ATAIX,N/A,Estonia,https://ataix.com/r/4wriUwFeS,https://www.cryptocompare.com//media/37746263/ataix.png,2025-03-18 15:15:28,2025-03-18 15:15:28
CryptoCompare,278,Raidofinance,N/A,Estonia,https://raidofinance.eu/?utm_source=cryptocompare,https://www.cryptocompare.com//media/37746275/raidofinance.png,2025-03-18 15:15:28,2025-03-18 15:15:28
CryptoCompare,279,DECOIN,2017,Seychelles,https://www.decoin.io/,https://www.cryptocompare.com//media/35651286/decoin.png,2025-03-18 15:15:28,2025-03-18 15:15:28
CryptoCompare,280,Thore,2018,Switzerland,https://thoreexchange.com/,https://www.cryptocompare.com//media/35651401/thoreexchange.png,2025-03-18 15:15:28,2025-03-18 15:15:28
CryptoCompare,281,Darb Finance,N/A,Estonia,https://darbfinance.com/,https://www.cryptocompare.com//media/35651508/darbfinance.png,2025-03-18 15:15:28,2025-03-18 15:15:28
CryptoCompare,282,bitFlyer US,2016,U.S.A,https://bitflyer.com/en-us/,https://www.cryptocompare.com//media/39383100/bitflyer.png,2025-03-18 15:15:28,2025-03-18 15:15:28
CryptoCompare,283,bitFlyer EU,N/A,Luxembourg,https://bitflyereuropesa.pxf.io/c/2022136/858437/11990,https://www.cryptocompare.com//media/39383100/bitflyer.png,2025-03-18 15:15:28,2025-03-18 15:15:28
CryptoCompare,284,Nimera,N/A,Estonia,https://nimera.io/,https://www.cryptocompare.com//media/37746208/nimera.png,2025-03-18 15:15:28,2025-03-18 15:15:28
CryptoCompare,285,XCOEX,N/A,Estonia,https://xcoex.com/,https://www.cryptocompare.com//media/35651714/xcoex.png,2025-03-18 15:15:28,2025-03-18 15:15:28
CryptoCompare,286,CBX,N/A,Unknown,https://www.cbx.one/,https://www.cryptocompare.com//media/43717639/cbx.png,2025-03-18 15:15:28,2025-03-18 15:15:28
CryptoCompare,287,BIKI,2018,Singapore,https://www.biki.com/,https://www.cryptocompare.com//media/35651717/biki.png,2025-03-18 15:15:28,2025-03-18 15:15:28
CryptoCompare,288,Unnamed.Exchange,N/A,British Virgin Islands,https://www.unnamed.exchange/,https://www.cryptocompare.com//media/43717640/unnamedexchange.png,2025-03-18 15:15:28,2025-03-18 15:15:28
CryptoCompare,289,Coineal,2018,Republic of Seychelles,https://www.coinealpro.com/,https://www.cryptocompare.com//media/43717641/coineal.png,2025-03-18 15:15:28,2025-03-18 15:15:28
CryptoCompare,290,Dcoin,N/A,Switzerland,https://www.dcoin.com/,https://www.cryptocompare.com//media/37459216/dcoin.png,2025-03-18 15:15:28,2025-03-18 15:15:28
CryptoCompare,291,Seed CX,N/A,U.S.A,https://seedcx.com/,https://www.cryptocompare.com//media/35651750/seedcx.png,2025-03-18 15:15:28,2025-03-18 15:15:28
CryptoCompare,292,55.com,2017,U.S.A,https://www.55.com/home,https://www.cryptocompare.com//media/35651724/55.png,2025-03-18 15:15:28,2025-03-18 15:15:28
CryptoCompare,293,ChainX,2019,South Korea,https://chainx.org/,https://www.cryptocompare.com//media/35651749/chainx.png,2025-03-18 15:15:28,2025-03-18 15:15:28
CryptoCompare,294,BitAsset,2017,Hong Kong,https://bitasset.io/#/,https://www.cryptocompare.com//media/35651741/bitasset.png,2025-03-18 15:15:28,2025-03-18 15:15:28
CryptoCompare,295,CHAOEX,2017,Hong Kong,https://www.chaoex.com/home,https://www.cryptocompare.com//media/35651745/chaoex.png,2025-03-18 15:15:28,2025-03-18 15:15:28
CryptoCompare,296,HBTC,N/A,Malta,https://www.hbtc.com/,https://www.cryptocompare.com//media/37459214/grande-hbtc.jpg,2025-03-18 15:15:28,2025-03-18 15:15:28
CryptoCompare,297,TCHApp,2019,Switzerland,https://thorecash.app/,https://www.cryptocompare.com//media/35651766/tchapp.png,2025-03-18 15:15:28,2025-03-18 15:15:28
CryptoCompare,298,Sistemkoin,N/A,Turkey,https://sistemkoin.com/,https://www.cryptocompare.com//media/36639871/sistemkoin.png,2025-03-18 15:15:28,2025-03-18 15:15:28
CryptoCompare,299,TOKOK,N/A,British Virgin Islands,https://www.tokok.com/index,https://www.cryptocompare.com//media/35651746/tokok.png,2025-03-18 15:15:28,2025-03-18 15:15:28
CryptoCompare,300,Bilaxy,N/A,Republic of Seychelles,https://bilaxy.com/,https://www.cryptocompare.com//media/35651755/bilaxy.png,2025-03-18 15:15:28,2025-03-18 15:15:28
CryptoCompare,301,AAX,2018,Malta,https://www.aax.com/invite/sign-up?inviteCode=LgzNPfXJAg8k,https://www.cryptocompare.com//media/37746350/aax.png,2025-03-18 15:15:28,2025-03-18 15:15:28
CryptoCompare,302,Cryptonex,2017,Scotland,https://cryptonex.org/,https://www.cryptocompare.com//media/36569449/gdqj0ore_400x400.jpg,2025-03-18 15:15:28,2025-03-18 15:15:28
CryptoCompare,303,LMAX Digital,N/A,Gibraltar,https://www.lmaxdigital.com/,https://www.cryptocompare.com//media/36640251/lmax-x-250x250.jpg,2025-03-18 15:15:28,2025-03-18 15:15:28
CryptoCompare,304,Compound,N/A,U.S.A,https://compound.finance/,https://www.cryptocompare.com//media/36639924/compound.png,2025-03-18 15:15:28,2025-03-18 15:15:28
CryptoCompare,305,Blockchain Exchange,2011,United Kingdom,https://exchange.blockchain.com/,https://www.cryptocompare.com//media/43717690/blockchain-exchange.png,2025-03-18 15:15:28,2025-03-18 15:15:28
CryptoCompare,306,TimeX,2019,Australia,https://timex.io/,https://www.cryptocompare.com//media/36639964/timex.png,2025-03-18 15:15:28,2025-03-18 15:15:28
CryptoCompare,307,One Trading,N/A,Netherlands,https://onetrading.com/,https://www.cryptocompare.com//media/44221379/one-trading.png,2025-03-18 15:15:28,2025-03-18 15:15:28
CryptoCompare,308,eToroX,N/A,Gibraltar,https://www.etoro.com/crypto/exchange/,https://www.cryptocompare.com//media/36798579/etorox.png,2025-03-18 15:15:28,2025-03-18 15:15:28
CryptoCompare,309,Binance DEX,N/A,Malta,https://www.binance.org/,https://www.cryptocompare.com//media/36798658/binance-dex.png,2025-03-18 15:15:28,2025-03-18 15:15:28
CryptoCompare,310,Uniswap,N/A,Unknown,https://uniswap.exchange/swap,https://www.cryptocompare.com//media/36935118/uniswap.png,2025-03-18 15:15:28,2025-03-18 15:15:28
CryptoCompare,311,SIGEN.pro,N/A,Scotland,https://sigen.pro/vue/landing,https://www.cryptocompare.com//media/37459338/sigen.png,2025-03-18 15:15:28,2025-03-18 15:15:28
CryptoCompare,312,BitFex,N/A,Russia,https://bitfex.trade/en/,https://www.cryptocompare.com//media/36935136/bitfex.png,2025-03-18 15:15:28,2025-03-18 15:15:28
CryptoCompare,313,Currency.com,N/A,Gibraltar,https://currency.com/,https://www.cryptocompare.com//media/36935219/currencycom.png,2025-03-18 15:15:28,2025-03-18 15:15:28
CryptoCompare,314,Coins Pro,N/A,Philippines,https://pro.coins.asia/,https://www.cryptocompare.com//media/37747885/coinspro.png,2025-03-18 15:15:28,2025-03-18 15:15:28
CryptoCompare,315,Slicex,2020,North Macedonia,https://slicex.cc/,https://www.cryptocompare.com//media/36935282/slicex.png,2025-03-18 15:15:28,2025-03-18 15:15:28
CryptoCompare,316,ZEBITEX,2014,France,https://zebitex.com/,https://www.cryptocompare.com//media/36935296/zebitex.png,2025-03-18 15:15:28,2025-03-18 15:15:28
CryptoCompare,317,FTX,N/A,Antigua and Barbuda,https://ftx.com/#a=31140146,https://www.cryptocompare.com//media/36935318/ftx.png,2025-03-18 15:15:28,2025-03-18 15:15:28
CryptoCompare,318,Bitcoin.com,N/A,Saint Kitts and Nevis,https://exchange.bitcoin.com/referral/981ce8bd2ac0172d,https://www.cryptocompare.com//media/36935321/bitcoincom.png,2025-03-18 15:15:28,2025-03-18 15:15:28
CryptoCompare,319,BeQuant,N/A,Seychelles,https://bequant.io/referral/cab80223a986208c,https://www.cryptocompare.com//media/36935328/bequant.png,2025-03-18 15:15:28,2025-03-18 15:15:28
CryptoCompare,320,XBTPro,N/A,St. Vincent and the Grenadines,https://xbtpro.com/,https://www.cryptocompare.com//media/37072329/xbtpro.png,2025-03-18 15:15:28,2025-03-18 15:15:28
CryptoCompare,321,Uniswap (V2),N/A,Unknown,https://app.uniswap.org/#/swap,https://www.cryptocompare.com//media/36935118/uniswap.png,2025-03-18 15:15:28,2025-03-18 15:15:28
CryptoCompare,322,BTCMEX,N/A,Hong Kong,https://www.btcmex.com/,https://www.cryptocompare.com//media/37305680/btcmex.png,2025-03-18 15:15:28,2025-03-18 15:15:28
CryptoCompare,323,Beldex,N/A,Estonia,https://www.beldex.io/,https://www.cryptocompare.com//media/37454842/beldex.png,2025-03-18 15:15:28,2025-03-18 15:15:28
CryptoCompare,324,EQONEX,2020,Singapore,https://equos.io/,https://www.cryptocompare.com//media/37747872/eqonex.png,2025-03-18 15:15:28,2025-03-18 15:15:28
CryptoCompare,325,Anycoin Direct,2013,Nederland,https://anycoindirect.eu/en,https://www.cryptocompare.com//media/37459061/anycoin-direct.png,2025-03-18 15:15:28,2025-03-18 15:15:28
CryptoCompare,326,ProBit Global,N/A,Seychelles,https://www.probit.com/en-us/?utm_source=cryptocompare&utm_medium=Exchangesponsorship&utm_campaign=mainpage,https://www.cryptocompare.com//media/37459082/probit.png,2025-03-18 15:15:28,2025-03-18 15:15:28
CryptoCompare,327,MyCoinStory,N/A,Seychelles,https://mycoinstory.com/,https://www.cryptocompare.com//media/37459257/mycoinstory.png,2025-03-18 15:15:28,2025-03-18 15:15:28
CryptoCompare,328,SIGEN P2P,N/A,Scotland,https://sigen.pro/p2p/buy?ccy=umi,https://www.cryptocompare.com//media/37459338/sigen.png,2025-03-18 15:15:28,2025-03-18 15:15:28
CryptoCompare,329,WBB,N/A,Estonia,https://wbbexchange.pro/exchange,https://www.cryptocompare.com//media/37459361/wbb-exchange.png,2025-03-18 15:15:28,2025-03-18 15:15:28
CryptoCompare,330,Bitbuy,N/A,Canada,https://bitbuy.ca/,https://www.cryptocompare.com//media/37621836/bitbuy.png,2025-03-18 15:15:28,2025-03-18 15:15:28
CryptoCompare,331,CrossTower,2020,U.S.A,https://global.crosstower.com/referral/745cdfd253383c28,https://www.cryptocompare.com//media/37621878/crosstower.png,2025-03-18 15:15:28,2025-03-18 15:15:28
CryptoCompare,332,1inch Network,N/A,EU,https://1inch.io/,https://www.cryptocompare.com//media/37747036/1inch.png,2025-03-18 15:15:28,2025-03-18 15:15:28
CryptoCompare,333,Bit.com,2020,Seychelles,https://www.bit.com/,https://www.cryptocompare.com//media/37621995/bitcom-exchange.png,2025-03-18 15:15:28,2025-03-18 15:15:28
CryptoCompare,334,Sushiswap,N/A,Unknown,https://sushiswap.fi/,https://www.cryptocompare.com//media/37622070/sushiswap.png,2025-03-18 15:15:28,2025-03-18 15:15:28
CryptoCompare,335,Nominex,N/A,Seychelles,https://nominex.io/,https://www.cryptocompare.com//media/37746074/nominex.png,2025-03-18 15:15:28,2025-03-18 15:15:28
CryptoCompare,336,PlutusDEX,N/A,England,https://plutus.it/dex,https://www.cryptocompare.com//media/37746831/plutus.png,2025-03-18 15:15:28,2025-03-18 15:15:28
CryptoCompare,337,Betconix,N/A,Estonia,https://betconix.com/,https://www.cryptocompare.com//media/37747357/betconix.png,2025-03-18 15:15:28,2025-03-18 15:15:28
CryptoCompare,338,FTX US,N/A,U.S.A,https://ftx.us/en,https://www.cryptocompare.com//media/37747757/ftx-us.png,2025-03-18 15:15:28,2025-03-18 15:15:28
CryptoCompare,339,Curve.fi,2020,Unknown,https://curve.fi/,https://www.cryptocompare.com//media/37748223/curvefi.png,2025-03-18 15:15:28,2025-03-18 15:15:28
CryptoCompare,340,Uniswap (v3),N/A,Unknown,https://app.uniswap.org/#/swap,https://www.cryptocompare.com//media/38553309/uniswapv3.png,2025-03-18 15:15:28,2025-03-18 15:15:28
CryptoCompare,341,Crypto.com,N/A,Malta,https://crypto.com/exch/gn6pk2rqkc,https://www.cryptocompare.com//media/39198190/cryptocom.png,2025-03-18 15:15:28,2025-03-18 15:15:28
CryptoCompare,342,Cboe Digital,N/A,Unknown,https://www.erisx.com/,https://www.cryptocompare.com//media/44213480/cboe-digital.png,2025-03-18 15:15:28,2025-03-18 15:15:28
CryptoCompare,343,MEXC Global,2018,Seychelles,https://www.mexc.com/pt-PT/register?inviteCode=mexc-lst1x,https://www.cryptocompare.com//media/43717831/mexc.png,2025-03-18 15:15:28,2025-03-18 15:15:28
CryptoCompare,344,Tidefi,N/A,Unknown,https://tidefi.com/,https://www.cryptocompare.com//media/44051269/tidefi.png,2025-03-18 15:15:28,2025-03-18 15:15:28
CryptoCompare,345,Indoex,N/A,Estonia,https://www.indoex.io/,https://www.cryptocompare.com//media/44082191/indoex.png,2025-03-18 15:15:28,2025-03-18 15:15:28
CryptoCompare,346,Mercatox,N/A,United Kingdom,https://mercatox.com/,https://www.cryptocompare.com//media/44213471/mercatox.png,2025-03-18 15:15:28,2025-03-18 15:15:28
CryptoCompare,347,BYDFi,N/A,Singapore,https://www.bydfi.com/en/register?ru=5JsMgk,https://www.cryptocompare.com//media/44614282/bydfi.png,2025-03-18 15:15:28,2025-03-18 15:15:28
CryptoCompare,348,Cube Exchange,N/A,Hong Kong,https://www.cube.exchange/,https://www.cryptocompare.com//media/45734952/cube-exchange.png,2025-03-18 15:15:28,2025-03-18 15:15:28
CryptoCompare,349,Flipster,2021,Seychelles,https://flipster.io/,https://www.cryptocompare.com//media/45735274/flipster.png,2025-03-18 15:15:28,2025-03-18 15:15:28
CryptoCompare,350,EDX Markets,N/A,U.S.A,https://edxmarkets.com/,https://www.cryptocompare.com//media/45735338/edx-markets.png,2025-03-18 15:15:28,2025-03-18 15:15:28
CryptoCompare,351,INX One,N/A,U.S.A,https://www.inx.co/,https://www.cryptocompare.com//media/45735340/inx.png,2025-03-18 15:15:28,2025-03-18 15:15:28
CryptoCompare,352,Backpack Exchange,N/A,British Virgin Islands,https://backpack.exchange/,https://www.cryptocompare.com//media/45735343/backpack-exchange.png,2025-03-18 15:15:28,2025-03-18 15:15:28
CryptoCompare,353,OSL,N/A,Hong Kong,https://osl.com/,https://www.cryptocompare.com//media/45735346/osl.png,2025-03-18 15:15:28,2025-03-18 15:15:28
CryptoCompare,354,BitPanda,N/A,Austria,https://www.bitpanda.com/,https://www.cryptocompare.com//media/45735348/bitpanda.png,2025-03-18 15:15:28,2025-03-18 15:15:28
CryptoCompare,355,Bit2Me,2014,Spain,https://bit2me.com/,https://www.cryptocompare.com//media/45735492/bit2me.png,2025-03-18 15:15:28,2025-03-18 15:15:28
CryptoCompare,356,Garantex,N/A,Estonia,https://garantex.org/,https://www.cryptocompare.com//media/45893903/1709909580707.png,2025-03-18 15:15:28,2025-03-18 15:15:28
